<?xml version="1.0" encoding="UTF-8"?>
<goibibo>
	<path>
    	<roundtrip>//*[@id='gi_roundtrip_label']</roundtrip>
    	<onetrip>//*[@id="gi_oneway_label"]</onetrip>
    	<from>//*[@id="gosuggest_inputSrc"]</from>
    	<to>//*[@id="gosuggest_inputDest"]</to>
    	<openCalendar>(//div[@class="col-md-6 col-sm-6 col-xs-6"])[1]</openCalendar>
    	<dateSelector>//*[@id="fare_20181219"]</dateSelector>
    	<openreturnCalendar>(//div[@class="col-md-6 col-sm-6 col-xs-6"])[2]</openreturnCalendar>
    	<selectReturnDate>//*[@id="fare_20181228"]</selectReturnDate>
    	<Traveller>//*[@id="pax_link_common"]</Traveller>
    	<plus>//*[@id="adultPaxPlus"]</plus>
    	<Cplus>//*[@id="childPaxPlus"]</Cplus>
    	<Class>//*[@id="gi_class"]</Class>
    	<studentFare>//*[@id="student_fare_check"]</studentFare>
    	<pricechange>//*[@id="registerFareAlert"]</pricechange>
    	<setgo>//*[@id="gi_search_btn"]</setgo>
    	<Tbook>//*[@id="fltTcktVoucher"]/div[3]/div/div[2]/input</Tbook>
    	<Tbook2>//*[@id="content"]/div/div[2]/div/div[4]/div/div[4]/div[2]/div[2]/div/div/span[1]/span/input</Tbook2>
	</path>
	<data>
		<from>PUN</from>
		<to>DEL</to>
	</data>
</goibibo>